<?xml version="1.0" encoding="utf-8"?><oau:versioncheck xmlns:oau="urn:OperaAutoupdate" version="1.0"><resources><downloadurl>http://www.opera.com/download</downloadurl></resources><file><name>browserjs-desktop-11.62-20120522.js</name><url>http://get.geo.opera.com/res/servicefiles/userjsfiles/all/browserjs-desktop-11.62-20120522.js</url><timestamp>1337695753</timestamp><type>BrowserJS</type><checksum>9c97d6fa7da4fd2efc99744548de7978c23bfd1deb19f9464efd4ad988b41019</checksum></file><file><name>override_downloaded.ini</name><url>https://xml.opera.com/spoof/</url><timestamp>1337768135</timestamp><type>Spoof</type><checksum/></file><file><name>dictionaries.xml</name><url>http://help.opera.com/dictionary/dictionaries.xml</url><size>4228</size><timestamp>1310728577</timestamp><type>Dictionaries</type><checksum>c1b94657e8a8937f404565bd1dea89c7891fcaa191e92dd1a92dc7f8a73a1f8b</checksum></file><setting><file>Opera6.ini</file><section>Network</section><key>IDNA White List</key><data>:no:jp:de:se:kr:tw:cn:at:dk:ch:li:museum:hu:</data></setting><setting><file>operaprefs.ini</file><section>Auto Update</section><key>Update Check Interval</key><data>259200</data></setting><setting><file>operaprefs.ini</file><section>Auto Update</section><key>Throttle Level</key><data>0</data></setting><setting><file>operaprefs.ini</file><section>Auto Update</section><key>Country Code</key><data>AT</data></setting></oau:versioncheck>